sakamata1,21970.8,98.3906,127863,1
aetrna,19129.2,97.3945,156360,2
WhiteCat,18872.7,98.5592,34045,3
RyuK,18484.6,98.9005,235827,4
Lifeline,18272.1,98.054,178645,5
NyanPotato,18174.6,97.1698,130044,6
M0RGENSHTERN,18154.8,98.1757,216812,7
Arnold24x24,18122.4,98.6608,169933,8
Vaxei,18086.2,99.1421,165435,9
Mathi,18056.2,99.2456,221733,10
Aricin,17539.2,98.9402,172912,11
Utami,17331,98.5269,120716,12
Shimon,17255.6,98.3951,220795,13
Varvalian,16710.8,99.3449,256720,14
Andros,16602.4,98.4553,90630,15
FlyingTuna,16538,98.3729,121746,16
maliszewski,16484.9,99.0367,83871,17
Intercambing,16451.5,98.8753,139201,18
Dereban,16410.6,98.942,215916,19
kieg,16352.7,98.6933,162660,20
Apostol,16331.6,98.6388,194989,21
Bubbleman,16185.1,99.0061,130257,22
Micca,16151.7,98.8579,137239,23
A21,16145.1,98.5401,98541,24
Frankie_,16134,99.578,107713,25
ChocoPafe,16060.3,98.2108,168781,26
idke,16055.1,99.2442,69241,27
Rektygon,16046.2,98.9721,107195,28
InBefore,16040.2,97.8762,164181,28
Paraqeet,15994.2,97.1587,198177,30
Rafis,15989.6,99.0291,324233,31
xootynator,15960.2,99.2284,76630,32
Reedkatt,15952.6,98.8958,117621,33
Karthy,15938,99.191,170856,33
Spare,15935,99.2834,199419,34
[Karcher],15794.3,99.1589,153887,36
Umbre,15777.9,99.5725,285721,37
eternum,15744,99.3832,62384,38
Freddie Benson,15735.5,98.2893,76648,39
badeu,15672.2,97.3893,130128,40
Reused,15589.6,98.5362,110694,41
MightyDoc,15589.3,98.0644,178063,42
Alumetri,15580.9,98.5003,127253,43
im a fancy lad,15558.6,98.3229,99916,44
SrChispa,15515.7,98.3349,106670,45
Aireu,15498.7,99.1544,229413,46
chocomint,15416.2,99.1781,38226,47
suurii nakamura,15404.9,98.1066,70620,48
Milkteaism,15382.7,98.3367,90393,49
angelkanna,15370.4,98.6725,143493,50
Kurumiw,15351.4,98.2149,128472,51
nick1324,15308.6,98.9941,74314,52
Viveliam,15295.4,99.5199,264822,53
ASecretBox,15286.7,98.8693,214065,53
Zoomer,15247.5,98.168,180123,55
obtio,15236.2,98.1243,208023,56
azr8,15211.9,99.1981,96915,57
DanyL,15202,98.7752,154890,58
my angel aosora,15191.4,98.3645,65233,59
ciru,15174.4,98.3684,189217,60
BTMC,15117,98.8184,129050,61
okinamo,15101.2,98.9578,103923,62
Celaphy,15062,98.7871,131043,63
-PloX,15057.1,98.6481,258945,64
dench,14985.1,98.8396,75794,65
Brighter,14975.5,97.6016,48505,66
Gabriel Boric,14940.4,97.8039,60824,67
JappaDeKappa,14910.5,98.138,109063,68
ninerik,14902.9,98.2127,132142,69
Dustice,14899.5,98.9968,109407,70
FGSky,14876,97.0892,273553,71
MINHOCA LOKA,14853.5,97.4796,128314,72
Abyssal,14851.4,99.1453,157813,73
Zeisen-,14846.4,98.3326,127357,74
Andrej,14828.4,98.8222,173370,75
gnahus,14809,98.5206,78718,76
Mastasz,14794.5,99.1241,139130,76
justman,14660.4,99.3125,100640,78
Red_Pixel,14635.7,98.9598,136449,79
fieryrage,14579.7,98.4539,127338,80
Zylice,14554.9,97.0597,78561,81
Milo Milkshake,14512.8,99.001,144370,82
_Shield,14496.7,99.2241,170971,83
Raikouhou,14488.4,99.149,94239,84
kazamabc,14479.4,98.6614,213589,84
Vinno,14474.5,98.6582,126108,85
Tekkito,14452.4,98.8707,90272,87
Ralidea,14441.4,99.4444,140807,88
Vamhi,14425.6,97.2289,160205,89
bloo,14389.6,98.7531,175108,90
Bartek22830,14389.4,98.5002,194651,91
haga1115,14376.3,99.2344,175114,92
Pincus,14358.8,98.07,101488,93
Mlaw,14342.2,99.1181,141766,94
MouseEasy,14310.2,98.5241,181498,95
firebat92,14294.1,98.9115,145496,96
-Din-,14292.4,98.261,152733,97
Neox,14269.1,98.6378,61184,98
MoeYandere,14268.6,98.1969,218218,99
superCreper,14262.7,97.5782,136396,100
uyghti,14261.3,99.0737,221585,101
mcy4,14253.6,98.6829,225205,102
Rampax,14224.1,98.7915,240855,103
rudj,14218.7,98.5188,217129,104
Sawada,14181.2,98.8387,170643,105
Jakson,14168.4,98.8339,82535,106
khz,14164.7,98.355,125441,107
Jeong Woo Yeong,14153.8,98.1249,154603,108
YaMaDarknesss,14143.7,95.639,138535,109
weabole,14132.8,98.2432,135753,110
filsdelama,14132.8,99.2504,162549,111
dejiz,14125.3,98.5577,137118,112
Demonical,14119.6,98.3403,206456,113
Riot,14079.2,98.2205,162001,114
Gasha,14078.9,98.863,196958,115
wuhua,14073.8,98.4553,318853,116
nanoya,14062.7,98.6429,91379,117
Sytho,14057,97.6212,239049,118
RankAjae,14051.6,97.4089,79190,119
Peko_Russian,14047,98.2557,22414,120
Crezz,14040.7,99.016,152067,121
-DuckLeader-,14029.7,99.4087,147772,122
Nameless Player,14023.8,99.3718,21725,123
wudci,14015.1,97.844,110501,124
Pablohh,14011,99.3277,133019,125
Fjell,13984.4,99.1733,139182,125
rairiku,13982.6,98.5908,97649,126
MrNobady,13978.9,99.2518,144907,127
TheKushVanMan,13967.1,96.8706,188282,129
Dragbit 3,13948.4,98.2217,107979,130
Exarch,13934.6,99.0611,141849,131
Rizer,13930.3,99.39,195524,132
cute rtd,13903.8,98.7703,104638,133
NoSin,13897.1,98.319,79314,134
Risiing,13888.8,99.2688,149691,135
KoaLeahq,13861.6,98.8482,131687,136
Saymel,13853.4,98.928,104669,137
Enumi,13835,98.6838,120915,138
Canis x,13822.3,98.0828,306755,139
Rinnu,13820.9,98.7211,102788,140
Teacchyyy,13784.3,98.6283,64496,141
kablaze,13770,99.2497,254483,142
Lam Tin Park,13750.9,97.5127,145036,143
AxewB,13750.6,98.8526,137807,144
jordanlr7,13744.3,98.9677,113873,145
-Machine-,13718.2,98.7322,145610,146
Ayamy,13708.9,97.5487,92012,147
BronyNL 2,13704.4,99.039,219545,148
Ponytail,13680.7,98.1007,99999,149
MyAngelMiku,13648.2,98.8302,148814,150
Avenito,13643.2,98.7669,127693,151
MAREK MARUCHA,13634.8,97.5527,223351,152
Cappy,13625.9,99.4233,157754,153
Shiraha Yuki,13623.2,98.514,113118,154
HaruTachi-,13619.4,98.4132,77146,155
sakuraskip,13615.3,98.8395,25195,156
aba,13611.7,98.7618,76391,157
Dumii,13608.3,98.4914,195619,158
Pinguinzi,13607.9,98.919,170456,159
CXu,13601.7,96.8976,162359,160
Juh,13598.6,98.6257,124913,161
hallowatcher,13596.9,99.5669,151565,162
majoreh,13592.4,98.1373,194173,163
Topoi,13571.5,98.6502,132773,164
heikneuter,13562.5,99.0114,218427,165
[ Zane ],13556.2,99.2214,213697,166
Coreanmaluco,13555.4,98.3655,375620,167
HeadMaster,13547.6,98.9209,119147,168
Ukase,13543.6,98.0476,161581,169
Zaqqy,13542.1,98.3242,116372,170
MrFuture,13516.5,99.0021,148452,171
Meguru Inaba,13516.1,98.4905,196875,172
975250450,13493.5,98.21,35120,173
Eagle5324,13472.5,98.5938,132226,174
theez,13463.1,99.4176,88455,175
T A K A O,13463.1,98.8159,155406,176
spoken_w,13460.9,98.9983,109301,177
Vixylium,13456.2,98.3554,164364,177
Woofel,13443.3,99.4053,79745,179
ruirui,13428.9,98.9321,123258,180
worst hr player,13425.2,98.3122,76827,181
aimbotcone,13408.7,98.8935,107398,182
niii_san,13407.4,98.7062,164011,183
Lane,13405.3,99.1054,131583,184
Monko2k,13400.9,98.5618,118861,185
lPogonyuto,13385.3,98.2466,59290,186
doki,13384.4,95.8741,159475,187
V I C E N T E,13384.2,97.5533,161651,188
Informous,13383.5,97.5867,93063,189
Trail Mix,13381.2,99.1805,151091,190
-Hideki-,13378.6,98.7569,203654,190
Doomsday fanboy,13378.5,98.7717,136298,191
dlwlrma-,13359.3,97.6056,100846,193
afe,13358.1,98.9549,135332,194
BoshyMan741,13353.2,98.7885,146386,195
AlertedDragon,13342.1,97.2167,75448,196
Xilver15,13326.3,99.4783,428052,197
LighScrap,13323.4,97.8633,87110,198
- Frane-,13322.2,98.9254,119908,199
Suyong_,13320.5,97.7402,92800,200
Skydiver,13319.3,98.8385,154907,201
G U R A S I M P,13315.6,97.5594,113145,202
jot_bab,13315.3,98.5088,109550,203
cloud_chaser02,13291,98.9062,130211,204
JazzyS,13289.8,98.4085,171930,205
BaconPug,13285.2,98.8432,109292,206
-pare,13265.6,99.0194,116844,207
Gilraen,13262,98.0485,128456,208
Peresia,13261.9,98.5156,163877,208
MegaMK,13244,98.3451,189902,210
gamer228666,13240.6,99.0278,50744,211
Thundur,13238.7,98.7375,253743,212
Sh4rq_,13226.9,98.8008,58313,213
Shime,13204.3,97.7449,90563,214
xxluizxx47,13203,98.8483,153874,215
-Wolfy-,13202.5,98.5078,139890,216
Kingling,13198.4,99.5667,205641,217
bango,13178.6,97.9834,133147,218
Toy,13177.5,99.4791,270707,219
talala,13170.3,98.5951,242046,220
Failing,13165,99.0741,93439,221
akarinya,13160.5,98.5554,106259,222
Afrodafro,13153.3,98.9206,162317,223
-Hebel-,13150.8,98.4786,157458,224
NathanRammu2044,13133.2,98.7867,110057,225
ur cute,13116.4,98.5457,176947,226
Flaro,13113.2,98.7374,81508,227
DazzLE_Wind,13099.5,99.0802,191697,228
razorfruit,13096.7,97.8151,106256,229
Hyena,13095.6,98.9013,99339,230
Skycries,13086.9,99.1989,141718,231
Too Slow,13083.6,98.9703,171045,232
BronyEE 2,13074.3,98.6183,178329,233
Wakson,13074,99.4899,142910,234
Karuna,13058.2,98.8534,111879,235
boleks,13053.1,99.2044,198546,236
-raizen-,13046.9,98.8755,211883,237
Kageno,13040.8,98.515,148293,238
hvick225,13034.9,98.9759,134343,239
Aoi Kiseki,13025.8,98.6608,76556,240
FD4D,13023.3,98.5808,75410,241
Math God,13022.1,97.861,139780,242
Swiq_,12980.3,98.5848,134605,243
Wuck1,12977.3,98.7305,110518,244
FlasTEH,12969.8,98.5857,101249,245
epic gaming,12956.8,97.5289,67972,246
criller,12954.9,98.7265,89464,247
Sawitar,12954.2,96.842,123293,248
Skyrovania,12923.4,99.0484,114574,249
ThePooN,12899,98.9642,99693,250
Hexikey,12892.7,98.1089,93697,251
Steven Naismith,12883,98.1038,100613,251
takoz53,12866.4,99.1367,56171,252
nobully,12862,98.9281,58234,253
-ZooM-,12859,97.9146,66990,254
kirby mix,12851.4,99.6024,200563,255
rHO,12849.1,98.8832,96003,256
Ephix,12841.9,98.1399,181007,257
Rlsc,12838.3,99.1437,231216,258
gusniki,12837.7,99.0126,59653,260
Shirosora,12830.3,98.2771,73186,261
Stunar,12824.8,97.8189,171510,262
kyhwill,12814.4,98.5848,86630,263
Vivace,12807.9,98.8214,138958,264
R1K50N,12801,98.3145,91472,264
Voss,12797.5,98.6358,183517,265
Aseridan,12793.6,98.1306,156389,266
Gurbzy,12786.9,99.2387,86066,268
Koba,12785.4,99.463,303269,269
KyoouN,12767.9,99.2469,166916,270
Unexpected,12765.5,98.8545,108516,271
Fobxx,12758.7,99.1248,124230,272
Zesdash,12753,96.7062,82176,273
Misumena,12745.3,99.1187,66964,274
Ithi,12744.8,98.0956,119842,274
JackPaX,12742.4,98.3413,97262,275
lightwine,12731.4,98.9671,121008,277
oomfie mcdonald,12677.8,98.9555,132765,278
Areox,12677.3,98.4609,60584,279
Chisato Arashi,12666.7,99.1083,161915,280
Skill,12665.2,99.6034,147465,281
YASEN,12655.5,96.6834,165086,282
THE GAME,12642.3,96.3777,9998,283
MrBooM,12639.6,99.079,79231,284
Yuuzinho,12638.4,98.9738,236898,285
Vento,12635.2,98.5945,144989,286
RhythmicRS,12634.3,97.9867,87849,287
WubWoofWolf,12632.3,99.1367,306464,288
Smarteyy,12632.3,99.0905,95474,289
Hauls,12627.4,98.0195,92365,290
ramtin,12624.6,99.2449,153020,291
teii_,12621.4,99.2704,237605,292
Nongsa,12607.8,98.7969,92042,293
Bloodworm,12600,97.8068,94489,294
_demo,12596.7,97.6906,188376,295
Fangzy,12595.8,99.2698,217072,296
Ryuzaki,12591.5,99.2041,139418,297
Mahmood,12584.1,98.4886,81212,298
Xyloz,12583.6,99.1457,111545,299
Kryterion,12582.9,99.0721,151611,300
Mac,12580.2,99.0748,148189,301
Mya3,12578,98.9809,70895,302
PikaPwn,12568.8,99.5471,97104,303
carbon dioxide,12564.6,98.2385,111156,304
Jemzsee,12560.5,98.5168,91947,305
Faakiee,12555.1,98.4078,77596,306
Tj7223,12554.7,99.5981,95406,307
Rebo,12554.5,99.1644,111199,308
TESTER PIVKA,12551.5,98.8949,31128,309
Azali,12545.6,97.1518,45057,310
Aldrouch,12544.8,98.7514,131216,311
Calideon,12543.8,98.0955,62372,312
Freezd,12540.8,99.284,96413,313
WillCookie,12533.7,99.2499,143007,314
Musty,12529.1,99.2684,149074,315
- Nikliu -,12527.3,98.5017,109001,316
Mag,12516.3,98.1361,182051,317
emmyerson,12512.7,98.9548,138757,318
haruchi,12503.9,98.6779,112077,319
[sin],12490.5,98.4652,115431,320
Monk The Don,12487.9,98.4111,303572,321
Zydan,12477.5,98.8705,72387,322
lolol233,12473.4,98.8723,138232,323
KC Snorlaax,12468.9,98.4464,117192,324
AbrahamR,12459.9,98.9564,119996,325
Knalli,12459.4,99.0557,68419,326
vain,12448.4,99.1609,122270,327
- Heatwave -,12443.2,98.9899,194395,328
Rikiya,12440.2,99.0537,148998,329
BronyPH,12438.7,99.4555,108389,330
roliy,12435.4,98.2701,86448,331
kurtis-,12434.7,98.4904,75900,332
Saryi,12409.6,99.4436,123717,333
Mathyu,12399.7,98.9988,195029,334
Envy_ss,12398,97.439,140856,335
floppu-desu,12397.2,97.296,109633,336
GfMRT,12393.9,98.8398,143105,337
DigitalHypno,12390.7,99.2058,93710,338
Frosiito,12386.2,99.0519,165847,339
bananaboi 2,12379.2,98.5765,58859,340
VilaZ,12377.5,98.5302,102336,341
Veth,12371.5,99.469,152093,342
ItsKevZii,12370,98.3326,189954,343
Haadez,12360.2,98.6897,160827,344
FreeDom,12357.1,99.1349,151676,345
Ekoro,12357.1,98.5921,112627,346
Zeisen,12349.5,97.7409,108923,347
hvick1112,12349.4,94.4,135422,348
[RyuTell],12348.6,98.916,95812,349
Ronk,12336.5,97.611,112033,350
emilia,12335.3,96.4283,160348,351
azaz08967565,12331,98.5706,192145,352
TWOJA STARA,12325.8,99.0713,128162,353
Lucrise,12319.6,99.0326,45522,354
Crystal,12317.9,98.3344,147411,355
noob pwner,12311.8,99.0098,76527,356
Hasawa Kraenes,12301.5,99.0289,92601,357
yary_nicht_lary,12299.9,97.979,131282,358
Juztan,12299.5,97.1047,162608,359
SadnessWillSear,12298.5,99.3021,139078,360
Mystia,12297.9,99.0094,204681,361
Woey,12293.9,99.3322,410087,362
Wucki,12289.9,98.9171,174589,363
_HaxOr_,12288.9,97.3128,117340,364
Wilchq,12287.6,99.3708,140568,365
Shizuru-,12275.6,98.2328,116140,366
iamVill,12275,98.5273,70774,367
Decaten,12273.7,98.231,48652,368
Arnold576,12270.3,99.2914,122927,369
wathan,12268.7,98.8946,49232,369
t[-_-t],12265.4,98.396,189219,371
amogus_gaming,12262.2,98.7713,171688,372
Nalian,12257.5,97.8169,132717,373
Zmatureeno,12254.4,98.9537,155815,374
yung fleezy,12245.2,96.9175,37717,375
Dream Fire,12241.4,97.2529,76701,376
Ayla,12239.7,98.99,241699,377
WindowLife,12238.7,97.6311,110711,378
Apraxia,12238.5,98.4966,134643,379
Applett,12238.3,97.1997,89858,380
Area,12234.3,99.396,160700,381
Nezzar,12227.3,98.7437,159511,382
Javen,12225.3,98.472,97882,383
Zakura,12224.5,98.7484,142271,384
ChaiPhukChep,12210,98.1503,127224,385
MakiDonalds,12206.7,99.3331,127878,386
Thorfinn,12204.5,99.1359,137478,387
Reyuza,12200.9,98.3235,105758,388
seegii,12195.8,98.9732,111836,389
Flezlin,12193.8,97.2275,87481,390
Zekker,12185.3,98.7722,124813,391
lowju,12179,98.5081,176726,392
kiirochii,12178.2,98.2069,97852,393
Dylson,12174,99.2404,128148,393
Not DT Farmer,12172.1,95.8642,151485,394
Anze,12171.8,97.9141,210837,395
Razei,12169.5,98.3384,84953,396
zeta,12169.2,98.8897,120092,397
Zeklewa,12164.5,98.0567,53049,399
gusrua123,12163,98.7888,125455,400
Aristia,12155.8,97.6948,80139,401
yasuha,12151.6,98.4439,46589,402
Jorlando,12146.1,97.9196,195010,403
suffix,12146,97.3583,136722,403
Flaven,12144.6,99.3884,169440,405
c0bble,12144.6,97.4267,121600,406
defii,12144,98.044,163157,407
SaintSFT,12142.8,98.3088,65810,408
L4plus1,12139.7,97.9576,101988,409
LightsOut,12133.4,98.2761,169476,410
LoidKun,12126.8,97.7069,193644,411
MioMilo,12122.4,99.2122,189424,412
Sorae,12111.8,98.5523,76353,413
Takaga,12100.5,98.7778,89528,414
VoProSSoFF,12089.9,98.247,140290,415
Juandissimo,12084.1,98.3957,63742,416
TurtleSenpaii,12082.1,98.9684,34854,417
PemiX,12081.9,99.4019,134935,418
NeruNeru,12070.2,97.7241,176029,419
HENKSELI,12068.3,99.3475,162387,420
pineqpple,12067.4,98.7517,80506,420
Hungah,12066.4,98.2811,99232,422
Nadir,12061.6,98.7758,116146,423
My Angel Anzu,12058.5,98.2363,203586,424
Jalepers,12057.2,98.2471,86279,425
MyAngelSteisha,12055.5,99.5126,168658,426
nejzha,12055.4,96.3389,20795,427
Welter,12053.5,98.4224,103072,428
rezendeevil,12050.1,98.8527,188826,429
Ragezeus,12039,99.0917,114041,430
tones,12038.2,98.9722,74185,431
deruz,12036.7,98.1325,84674,432
Raspigaous_GG,12031.3,98.9685,205457,433
ChillierPear,12021.7,99.2449,73344,434
Wixonater,12019.8,99.0265,111587,435
Stoof,12016.3,99.1515,107229,436
Tooqie,12013.8,98.5322,120744,437
Dizick,12011.4,98.983,164894,438
ianski,12003.5,99.1515,134265,439
- DARK -,12001.5,99.0932,128795,440
Iliekwaffles,11993.7,98.0784,92165,441
Saiyku,11978.5,98.7727,76271,442
King Lizard,11975.6,98.0607,202729,443
Blairzey,11974.8,99.1374,289339,444
R1cho,11970,98.3815,149808,445
Chorus,11969.7,97.6371,118485,446
Mizuru,11962.3,98.9387,112193,447
alden,11954.1,98.2628,153839,448
ParkourWizard,11952.5,97.5568,98623,449
Rammu,11951.4,99.1666,93474,450
kodama,11950.2,99.0785,38902,451
D E L O N,11949.8,99.0177,38273,452
XVoIR,11941,98.4276,79662,453
[C],11933.4,97.6648,52235,454
Jageko,11930.9,98.4276,296594,455
Ilmeria,11930.1,97.9505,516741,456
Big Z,11929,99.1725,143303,457
hammytr,11928.8,98.8072,143470,458
Kynan,11920.7,98.9025,221105,459
garglockumesh,11910.8,97.7908,136275,460
heyronii,11907.8,98.121,149652,461
Neliel,11907,98.7671,168495,462
_index,11897.9,98.768,94024,463
- UMR -,11894.1,99.4667,52625,464
Jup3KW,11889.4,99.4303,105078,464
stackerjoe,11887.4,99.3414,110322,465
_Twent,11884.4,98.8543,149768,466
ORRRY,11882.9,97.5847,75603,467
robloxxa,11881.8,98.3095,52823,469
Arbusion,11880.7,99.2413,155463,469
Straub,11870,96.5606,68047,471
Maiaz,11868.9,98.6496,57219,470
Eunha -,11862.1,98.7297,140309,473
young leosia,11857.7,98.5706,129633,474
Myst1k,11853.9,98.7673,172348,474
NovatoKing,11849.2,98.3703,64704,475
Rideru,11848.9,98.1895,106904,476
rollpan,11848.1,98.4155,69697,478
HappyStick,11846.3,98.8383,220268,478
KAMUU,11838.7,98.8678,182841,480
PoggersCZ,11837.1,98.3491,165419,481
----,11835.9,98.183,140496,482
Bajs,11834.7,98.8118,80143,483
iMey,11834.4,99.3721,42061,484
Wario,11833.2,98.6197,147718,485
Spazza17,11825.4,98.9729,113574,486
Ventus,11818.9,99.0168,102340,487
Jazzercize,11808.7,98.8097,167470,488
tsp648,11807.7,97.6334,169745,489
PandaCattle,11803.9,97.5465,153565,490
Cellina,11802.4,98.9694,169876,491
Drox-,11801.9,99.0177,126139,492
bobiak,11799.6,98.9874,177760,493
eran,11798.3,98.4864,105914,494
shdewz,11797.3,99.6442,78332,495
just_LLLegend,11794,98.813,67383,496
-Liability,11790.1,98.9061,131521,497
Invoker,11790,98.364,159790,498
Ceja,11789.2,99.3043,95010,499
Tuon,11786.2,99.4117,176270,500
-dead-,11783,99.0672,84807,501
Meniwa,11781.4,98.1597,77944,503
Plasma,11781.1,97.505,53980,504
Melxdy,11778.5,97.822,80282,505
TrueDantist,11776.4,98.5156,76079,506
CeriixZ,11776.3,98.7344,106821,507
WaitWhatWolf,11772.2,97.2916,137271,507
Anroyz,11767.6,98.97,250148,508
-NeBu-,11763.1,98.9533,111196,509
Kurogami,11762.7,98.7338,119503,510
Tom brady,11762.3,99.2391,139153,511
[ Blue ],11762.3,98.3612,128531,512
Snowy LP,11755.4,97.9034,101345,513
dectopia,11750.8,98.1757,52295,514
sog,11750,99.1558,62546,515
BronyEE,11749.1,98.8444,147089,516
B of yassin,11747.7,98.4707,78917,517
-Lookz-,11746.1,98.8057,86455,518
httd,11744.8,97.9153,97388,519
Minil,11742.8,98.4015,100216,520
A]],11738.3,97.6458,215765,521
Lunacy_,11722.8,98.8403,95413,522
Puyui,11718.8,98.0067,117337,523
Ratcho,11717.3,97.4519,78731,524
Bunnylikemoney,11716.5,98.3701,106560,525
YukariSmug,11714,97.0002,123955,526
minus,11709.9,98.9916,225125,526
Woffel,11707.5,99.2135,123210,527
gogos19,11707,99.1132,70197,528
Zestiny,11704.1,95.7545,92962,528
Apo11o,11704,98.6748,167316,529
bze,11703.2,99.0461,146535,530
worst dt player,11679.9,98.6808,180767,532
Lexalia,11679,99.1207,120708,533
Fumatsu,11678.6,99.2103,127593,534
blejd,11677.5,99.252,127089,534
eloj,11672.2,98.4266,68259,535
Lilily,11671.9,98.7434,239962,536
desuqe,11669.9,98.0448,190005,537
Cyo,11669.3,98.9328,61292,538
AtriaKanafilee,11665.3,99.0533,120125,540
Yurina,11663.9,96.7201,59338,541
Shaiden,11663.8,98.9253,99764,542
NathanRam1918,11663.2,98.8369,90030,543
MuxauJlo,11663.2,99.3911,129435,544
Fleh,11662,98.0071,63003,545
-Yulia-,11661.9,98.0379,153638,544
NerO,11659.5,98.6771,147608,546
oni,11658.5,98.7201,68766,547
Fudy,11652.1,97.4164,80501,548
kanocchi,11651.9,98.6435,44008,549
Mismagius,11648.5,98.6433,180014,551
1Max,11642.9,99.5318,78173,552
Girl,11642.3,98.3218,92571,552
Hagawobla,11634.6,99.1124,143424,554
Stravez0r,11633.2,99.109,55690,555
Azer,11632.9,99.1543,110289,555
MACKGEE,11632.4,98.3254,122916,556
Zralf,11627.3,98.8427,141521,557
Koltay,11623.4,99.075,90062,559
Sanjilift,11620.8,98.4513,217410,559
Rexeez,11614.8,98.6018,104157,561
Vespirit,11613.1,99.1683,198675,562
xaxreid,11612.2,99.1096,116901,562
Zyph,11608.3,98.742,90561,563
Danidesu,11607.9,97.7074,96407,563
MrPotato,11603.8,99.413,181892,566
seabee,11602.7,99.1624,82692,567
Aknama,11602.4,97.953,216103,566
scylla,11601.8,99.1855,83446,569
TheKid217,11597.6,99.5958,144746,569
FlashoFoSho,11592.4,98.999,197254,571
CosmoXR,11585,97.0889,78528,572
Mattay,11581.9,97.1279,107628,574
AdonisXVIII,11581.4,99.2267,70650,575
mniminwoo,11579.5,99.2097,167804,576
Kayrem,11576.7,98.4897,71261,577
Hamza,11574.4,98.2742,142012,578
Tofunim,11573.7,97.57,156351,579
Mighty Paws,11570,98.5755,136045,580
KarliXon,11566.1,99.1624,107980,581
jackylam5,11561.7,98.3919,153785,582
Sieu Phan Dong,11560.6,98.5069,178837,583
Melvr,11557.5,98.9536,157507,584
[Bau],11556.7,99.1018,106927,585
AlmightyDoor,11556.2,99.0331,100544,586
Diallo,11554.7,98.5353,130238,587
Jhermyy,11554.2,97.0183,107515,588
EmertxE,11551.8,97.8548,225660,589
willy0214,11548,98.5346,180366,590
Lappen777,11547.5,98.9543,42457,591
Nevik,11546.4,98.4184,175982,592
SunFesta,11545.2,97.2734,97318,593
chankoma,11544.6,98.5493,189149,594
retina_,11544.1,98.2867,92477,595
YuuSakku,11541.1,97.4796,78486,596
unko,11532.7,96.1726,75850,596
stimix,11529.3,98.5666,97224,598
zin,11526.5,98.3613,143918,598
MietteDePain_,11519.3,98.1593,79999,600
XPeecc,11517.2,98.5447,102508,601
Homutan,11516.8,98.7937,119177,602
Nethersonic,11515.2,98.301,174011,603
Sanze,11513.1,99.1979,162998,604
Negaces,11512.6,98.5429,168265,605
Mandelion,11508.1,97.7826,72042,606
ftg,11500.9,98.9503,134448,607
Devon,11496.5,97.5414,203307,608
nomaiza,11488.8,98.168,137944,609
Asde,11487.2,97.6431,119049,610
Dr Strange,11483.4,98.0226,68166,611
NinjaFish,11478.7,98.7122,246455,612
akavat,11476.1,98.7871,56838,612
BronyNL,11473.2,98.1037,135475,613
Num5119,11471.7,98.5018,159422,614
NHarmonia,11471.3,98.9537,239504,615
Jeremy_,11463.9,98.8975,98348,616
ikaNyai,11458.9,96.2894,85417,617
ShaneLiang,11457.2,98.603,99190,618
EzChock,11457,99.289,67797,619
G Eleven,11456.4,96.9538,113136,620
VineOpoly,11455.8,98.7971,125275,621
VulcanV2,11454.6,98.2723,174010,621
liIIy,11448.1,99.0802,87810,624
FunOrange,11447.6,99.1419,90198,625
HAFTBEFEHL,11445.7,98.9299,102617,626
Kelathis,11443.6,96.9802,105323,627
a12456,11442.5,95.2599,180415,628
-Eileen,11441.5,98.4659,112071,629
Reimu-Desu,11436.2,99.3197,124533,630
Neinja,11433.2,97.8566,111751,631
SiNon,11433.1,97.5486,150471,632
Estopa,11431,99.0207,88430,633
Allegrissimo,11428.2,98.7403,79262,634
Arancino,11427.9,98.8529,102382,635
ThePro365,11427.2,99.1885,172515,636
cristi2708,11424.7,98.8138,131420,637
DudsonZ,11424.3,99.2154,111536,638
SAPIN_,11423.1,98.8332,140341,639
Ev1dent,11421,98.2937,93072,639
DonnieGG,11420.6,98.7102,83268,640
Malolat,11419.6,99.3767,128552,641
Ends,11418.7,99.2286,80067,642
amogus gaming2,11418.4,98.9535,129241,643
Malteser,11417.7,98.7748,102635,643
Blobby3000,11417.3,98.8794,102201,644
Vlad,11410.8,99.1525,80947,645
Calcium,11410.2,97.9439,216804,646
[-Lockon-],11409,98.125,148118,647
-Snowy-,11405.8,98.9337,109167,649
Sakayaneegi,11405.4,99.3425,148366,648
Grapheon,11404.9,97.8369,273387,649
WantPrinzThighs,11401.8,98.6962,101800,650
Zeaqk,11400.6,97.8353,82848,653
GoldenMine,11399.9,97.1444,37300,651
Krai,11396.6,99.3041,98526,654
Dragonite,11394.6,97.3603,105694,653
Pain,11394.1,99.2495,137378,654
Po5121314,11386.3,98.4678,62185,656
AstroFP,11384.6,99.3864,138515,658
Qu1z,11378.9,97.7552,91718,659
Hera_,11376.8,97.6871,102401,660
GermanLetsPlay,11375.5,98.7173,83908,661
ouchie oofsie,11373.8,98.1696,160597,662
trevrasher,11370.5,98.0872,70436,663
Orbi,11369.9,98.9845,166319,664
Lexion,11366.5,99.0209,141172,665
Remyuu,11364.7,99.1678,90724,667
Enns,11362.5,99.5374,110716,669
131era,11361.9,98.8413,70845,670
DaHuJlo,11360.1,99.3367,83652,671
MineFrostID,11353.9,98.3118,100222,672
Tatsua,11351.7,99.294,166670,672
Mikah,11344.4,98.9981,128610,673
Besta,11344.4,99.1278,138246,675
Flask,11338.5,99.1119,86203,675
karott90,11332.6,98.8534,120967,677
Kama,11332.3,99.3157,109658,677
cam the tree,11331.3,98.2627,79328,678
Konam,11328.6,98.0975,118896,680
Yonannas,11328.2,98.468,83812,680
YesTak,11324.9,98.9621,170346,681
Santa69,11323.1,97.3755,114145,683
kyle,11320,98.4866,183277,684
Burtpi,11318.1,99.2839,162683,684
ameer,11317.8,98.0424,69563,685
ReusoL,11317.7,98.926,121090,686
Sparkxei,11317.4,97.8132,154492,688
Alfrah,11316,98.6194,131845,688
Recia,11314.7,99.2369,121252,689
KevstracK,11313,98.0085,125008,690
egemenbsrms,11311.7,98.5672,92465,691
watun,11310.5,98.658,98305,692
hesseninho,11309.1,98.0262,101343,693
Xaver,11305.7,98.3042,101748,694
Tokori,11305.4,98.65,220297,695
DigiDrake,11304.9,98.9356,144194,696
ILikeManyBirds,11304.9,98.6864,83609,698
Shizaki Kanon,11300.9,98.8528,83007,698
Daichi,11300.2,99.4557,119133,699
Zpinxx,11299,99.3259,62252,700
Boggles,11299,97.8404,98501,701
Astar,11298.2,97.9885,171202,702
Cuckweezy,11294,99.0346,175684,703
Legend_OZ,11293.3,99.0286,56647,704
CeilingWaffle,11291.6,98.9396,190202,705
Chitogod,11289.9,98.8507,51220,706
Lee Yoon Hyuk,11285.7,99.0629,313058,707
HikkaSka,11282.7,97.6116,81148,708
EZChamp,11280.8,97.9841,103888,710
Emiru Ikuno,11278.6,98.8046,124894,710
Pepsi Max,11277.8,98.6902,83607,711
SanyaVsunya,11274.7,98.2644,133921,712
MBmasher,11273,97.1881,129234,713
SonGokuPL,11272.5,99.1867,76226,715
Bonk,11270.3,98.0413,54199,716
Clarity,11269.3,98.5644,115677,715
Jonz,11267.5,97.2548,116070,716
marlopelaa2,11262.7,98.4579,58377,718
Blazink,11262.1,96.9627,105298,720
Nitram,11261.2,98.6469,105389,719
Dolter,11253,99.2184,121748,722
Chzaron,11251.8,99.0949,138704,722
Izuko,11250,99.1687,84062,723
Michni,11249,98.6328,162990,725
WOJOWNIK BODY,11248.3,99.2953,73425,726
RYPSON,11247.2,98.9077,69204,727
FeriOP,11246.7,98.9334,159225,727
PaintedKoala,11242.9,98.57,108181,728
fukushima,11240.7,97.7441,44796,729
Fichi,11238.1,98.3712,168222,730
NitroM_,11234.9,99.22,126853,731
-Karu,11233.5,99.3492,165266,732
Icklys,11233.1,98.3243,118090,733
Tebi,11230.8,99.0238,168321,735
Beard,11229.1,99.0183,128714,735
Crazy,11229,98.0329,85755,736
art,11223.6,98.9737,141754,737
Nekoyase,11218.5,99.3786,92875,738
CrtReXn,11218,99.273,176830,739
snoepep,11213.8,98.711,114577,741
SomeBread,11213.8,99.1388,87456,742
ShotgunApe,11213,98.2117,107804,743
Toushi,11210.8,98.9816,111768,744
Spork Lover,11210.7,99.0361,133725,745
Aistre,11204.5,98.5765,203656,746
lightingloyz,11203.5,99.0012,102127,747
Hina-san,11202.3,99.2749,146399,748
Fixr,11202.2,99.4559,152721,748
tomadoi,11200.1,98.9924,92997,749
Jace,11199.8,98.9879,161022,750
Idealism,11199.3,98.4768,110741,751
Strider,11194.7,98.0513,89923,753
Jerekek,11194.2,98.106,101004,754
Sakurauchi Riko,11192.1,99.078,178102,755
Dezku,11191.3,98.6327,119831,756
VioIette,11189.1,98.0595,85418,757
mx10000,11186,98.8968,105501,758
-Masta-,11185.1,98.269,81248,759
Moffo,11182,97.3337,296577,760
SlowBurn,11180.9,98.8951,78692,761
Ted,11179.8,99.3702,83221,762
BronyEE 3,11178.7,98.4799,79756,763
- Kouka -,11175.1,98.3135,81545,764
Sepid,11174.7,99.3065,93252,765
Johto,11174,98.4045,137003,766
GranDSenpai,11172.2,98.6091,277016,767
Jet-,11167.2,99.3464,246040,768
Karingeuwu,11162.2,97.011,33602,769
Reira,11161.6,99.3139,68180,770
Sakke,11159.5,98.5175,92272,771
Rina Tennoji,11158,99.4063,139845,772
Thighlicker,11151.3,98.5845,91833,773
requzzerr,11151.1,97.3336,61218,773
xCrazy,11144.4,98.4551,155296,775
Deppyforce,11144.4,98.3148,112555,776
My Aim Trash,11143.9,98.9584,175726,777
Kepler,11139.6,92.5759,91364,777
KotobukiTsumugi,11138,99.3402,132821,778
big_UwU,11137.5,96.9245,81434,779
Junjou,11133.7,98.9741,165920,780
Suicide,11133.2,99.079,91774,781
[ Hyung ],11132.9,99.3994,88321,782
ReaL motion,11128.5,99.3599,178107,783
Cracento,11128.5,97.9417,54887,784
[ Couch ],11121.7,99.0099,96773,786
marcel7,11116.1,99.0847,40951,787
Somay 287,11115,99.465,123722,786
Mavix,11112.6,97.2667,50647,787
akin123,11108.4,98.448,154682,790
-Kedama,11106.3,99.1611,148265,790
Altrax,11103.8,99.0448,91268,790
Geoxyn,11098.1,98.1038,49480,791
BAKKALO,11097.2,98.6854,122170,792
DimonkaS,11094.8,98.4271,59797,793
Emperorpenguin83,11089.7,99.2709,152806,794
Saika0k1,11088,99.1902,115942,795
Hanabi Shira,11084,98.121,145460,797
VROUM CV VITE,11083.4,98.4882,132711,797
Spev,11082.7,99.3897,159153,798
shortpotato,11082.7,99.3736,60349,799
Willi,11080.4,98.5823,92011,801
Ayya Novak,11079.3,98.8958,71567,801
Aera,11072.2,99.2059,165094,803
Stale_Human,11072.1,98.3462,172466,804
lofimint,11071.8,98.5409,85922,805
EyesNeverOpen,11069,98.7582,117502,806
KyZzo,11068.7,99.4009,103720,808
Distracted,11068.5,98.8922,158885,808
lespi6,11062.5,97.6101,202208,809
Zeforex,11062,98.8275,121358,810
Gigi8974,11058.3,96.8979,101575,812
Hugofrost,11055.9,97.2933,156073,812
Tartis,11055.1,99.1982,90404,814
ircle,11054.1,97.8925,106079,814
Numza,11046.8,98.7566,115000,815
Zelq,11044.3,99.4037,144826,816
honque,11043.6,99.1792,105345,818
Rean-K,11040.4,97.9427,89252,817
KingScrub,11038.3,99.2346,76389,818
Ghossert,11037.8,99.4141,64475,819
pundice,11036.7,97.2346,85899,820
Debussy-,11032.5,98.9891,63514,823
Jagester,11031.6,98.5729,156566,824
-Kazuki-,11030.6,98.6366,171198,825
kuu01,11030.4,98.6744,129811,826
DevilsNeverCry,11028.5,99.4789,165253,827
Miseration,11026.8,98.3247,142571,828
Beafowl,11024.1,99.3834,120443,829
MinecraftSteve,11023.3,98.5594,66088,830
dnfd,11022.9,98.7156,115172,831
Felrion,11021.4,99.2302,91208,832
kiethao,11021.2,98.4623,108808,833
daanit,11016.9,98.9384,209501,834
Tsfury,11011.3,96.5654,81082,835
rushia fangirl,11010.1,98.5218,43967,836
Senetix,11004.6,99.4499,215631,837
boblint,11003.1,97.0255,56649,838
KingOKarma,11002.1,98.9354,104544,839
Chadol,11000.2,97.9812,115308,840
Damn DanyL,10999.9,99.3806,116041,841
Initk,10999.8,99.062,36176,842
LittleDan,10998.5,98.7457,96309,843
umineko,10997.2,99.6254,138825,844
imagaK,10995.1,98.7324,153657,845
Letcore,10994.7,96.1255,188966,846
loligirl,10994.3,99.4039,81265,847
chaotic_turtle,10992.2,98.9676,73273,848
Viridin,10991,97.7479,51344,849
Serena,10990.2,99.1165,113588,850
Thatnoobguy,10989,97.3355,73201,851
tutur2224,10988.3,97.5848,94341,852
Pein,10987.9,99.0856,197623,852
Purps,10982.3,99.0698,87115,853
Alevari,10979.7,99.3174,94833,854
Blue-Fox,10979.3,98.282,98030,855
-Polyrem-,10973.3,98.1472,129245,857
kiiro127,10972.7,98.0679,116399,858
Vandabe,10968.7,98.4239,197123,859
DoKito,10968.1,99.308,123461,860
xd Jonathan,10967.9,98.408,125462,861
-Deeline,10967.4,98.5121,99940,862
Kris-,10967.2,97.2321,255820,863
-Ke15,10965.7,98.7592,66924,864
respektive,10962.7,99.2666,162840,865
waaiiru,10959.1,98.8302,236770,866
Rekens,10958.3,98.1968,233121,867
sekibae,10957.3,98.1858,58133,868
byfar,10955.6,96.9686,91267,869
Yellowl,10955.1,99.6019,100328,870
TOnyrino,10954.6,99.3674,40357,871
SilverAkcel,10952.6,98.8159,115673,872
Gray Hardrock,10951.9,99.1092,65177,873
KosakiOP,10951.5,98.7104,185962,874
anwag,10944.4,98.9127,125164,875
FrenZ396,10943.9,99.4275,110342,876
Shinkei,10942.7,98.472,119422,877
Riven,10941.9,99.0015,245936,878
Guchiry,10940.8,98.1354,84804,879
cd36,10940.5,99.7992,95564,880
Owane,10940.3,99.1846,99999,880
ZdefLT,10933.5,98.2971,113760,882
[Mashiro],10930.5,99.0831,170561,883
A N T O N I O,10927.5,98.7948,83885,884
rebella,10927.3,95.7937,146183,885
daw9801,10926,99.3935,130870,886
melwem,10924.6,99.0525,58208,887
[ Freeze ],10924.5,97.839,59079,888
KonKonKinakoN,10920.1,98.7397,68010,889
Winfly,10918.7,97.8427,50720,890
LaBron Jayms,10918.3,96.9086,78919,891
Denk,10917.7,99.1212,209895,891
Jacob3,10916.8,98.8429,68976,892
DJ Rinickulous,10914.5,99.1647,109687,893
Garch,10912.7,97.1588,228062,894
w1sp,10905.2,97.6855,46172,896
TheFifouSlain,10904.2,98.426,151239,897
leoanto,10898.5,98.6582,129042,898
Lefy,10897.2,98.7666,78457,899
temka na,10896,98.0112,86539,900
Yaksen,10894.3,98.3864,96925,900
nautzz,10894.1,98.9324,89685,902
Raydric,10891.4,99.0775,122743,902
intenseGoat,10890.7,98.9397,103660,903
Zyphox,10890.4,98.2423,70034,904
Korilak,10889.2,99.4339,87769,905
BlueSky-,10888.9,98.4173,93442,906
Kughxy,10886.4,98.1893,74926,907
Bomilk,10884.6,98.888,110074,909
Yetiga,10884,99.4719,86590,909
SlimeDrippy,10883.8,98.9598,75053,910
deeto,10880.7,97.7146,61052,912
Arav,10879.1,99.1691,102770,913
Chamosiala,10878.5,99.0453,83892,914
rbhby njlj1707,10877.8,98.6821,52292,915
tikkanen,10876.1,98.1549,162245,916
-GN,10876,98.6892,152275,916
EfrainGMiD2,10875.1,98.4068,220525,918
Finzu_,10873.5,98.4786,84366,919
MetaBee,10872.2,98.7934,86950,920
That1Under,10870,99.2694,125570,921
Mitchi,10868,99.4282,103534,922
serg,10867.8,98.3434,126158,923
Victoor,10863.3,98.6167,151410,924
zubs,10862.7,98.3675,166908,925
r0ck,10861,98.9963,120194,926
_sPekTrE,10858,98.954,77595,927
Cerkie,10857.7,99.1747,192537,927
MisakaFanboy,10856.3,99.0759,88004,929
Neroxd,10853.1,98.5455,39993,928
Fr0zen,10852.8,98.2287,99358,929
Wekkl,10850.6,99.4004,145280,930
FreeZeR,10845.3,98.7707,86898,931
Genshinphobia-,10842.8,99.1795,156188,932
RKWDreams,10841.9,98.5359,76838,933
iSmileZ,10839.4,99.2342,109539,935
im_a_burger_fox,10839.1,98.1705,58667,936
goyang,10836.3,97.3792,110692,936
ChUbi,10836.2,98.8777,98310,939
WayLand,10836.2,98.5022,115195,937
Inchainz,10834.6,97.4243,78175,939
SL1PER,10832.3,99.0301,84349,941
Hundur,10830.3,99.0065,140871,940
Ignite,10827.9,98.9339,162314,941
Inugami Korone,10827.4,98.8962,31811,944
[ Larssen ],10826.7,99.0962,112494,943
Camberos,10824.1,99.0335,176462,944
jamin,10821.5,97.9792,87403,944
Doomsday,10820.6,98.5232,337155,945
Blue Archive,10818,98.4082,141690,948
thinking,10815.9,99.0609,97234,946
NekomataOkayu,10815.8,98.1579,74328,948
Venrue,10815.5,98.1303,108626,949
Futtelli,10812.7,99.0284,91131,950
Njulsen,10810.3,98.1473,106734,951
Firo_SF,10809.4,91.8985,86342,955
_nobu,10809.1,98.8515,246100,953
Galog,10807.9,98.6654,96821,954
Gala,10807.3,99.0595,121133,955
Tutturu 2,10806.1,97.6863,122231,956
Akamatsu,10803.5,99.2545,117033,957
pod,10802.9,98.3893,52501,958
Worne,10802.6,99.3635,179152,959
cihp,10802,99.0966,78641,960
F2X,10800.2,98.9703,84615,962
Kiyoroshi,10799.9,98.7674,175373,961
Tikef,10796.7,99.2567,92511,962
Hifkil,10795.6,98.7247,38123,968
cat burger,10793.5,99.0921,73373,964
SWAKE,10790.7,99.3931,62619,966
Fuma,10790.4,98.7943,161033,971
Sidders,10789.3,98.4999,56224,967
hakoi,10788.2,98.231,112857,968
Danini,10787.6,98.1029,142970,969
Kanikou,10785.3,99.0993,56069,971
Stalemated,10783.4,98.4932,128869,972
oPixay,10783.1,98.2596,50249,973
Casper,10781.4,96.9047,54153,974
Cheyne,10781.2,98.6665,120704,979
yocarman,10781,97.8929,138525,978
Vyshus,10779.1,99.2857,165272,977
AbejaIvan,10777.4,98.9671,63584,978
up44,10772.8,99.1336,159274,983
EugeneRbao,10772.4,97.568,69133,981
LilyFlower,10769.8,98.6941,138351,985
-Yumu-,10768.9,98.2666,148495,983
makux777,10766.2,98.8065,62580,984
Carbone,10763.6,98.42,141064,985
cocona,10761.6,98.4925,119770,986
Monkyee,10758.3,98.1309,57404,987
r i z u,10758.1,99.176,76146,990
World End,10758,97.7439,144835,989
Esemoka,10757.1,98.3548,170833,993
Pancho,10756.7,99.3212,66724,991
Mirei Hayasaka,10754.7,97.9059,89207,998
-Gab-,10752.6,99.3849,43600,996
Samoyed,10752.5,99.0752,80783,997
Vordi,10751.5,98.6226,104241,998
Crestive,10750.8,97.4175,201928,998
_2K,10750.3,99.0923,49191,1000
